<?xml version="1.0" encoding="UTF-8"?>
<GenRun Id="synth_1" LaunchPart="xc7a35tcpg236-1" LaunchTime="1519260831">
  <File Type="PA-TCL" Name="Top.tcl"/>
  <File Type="RDS-PROPCONSTRS" Name="Top_drc_synth.rpt"/>
  <File Type="RDS-RDS" Name="Top.vds"/>
  <File Type="RDS-UTIL" Name="Top_utilization_synth.rpt"/>
  <File Type="RDS-UTIL-PB" Name="Top_utilization_synth.pb"/>
  <File Type="RDS-DCP" Name="Top.dcp"/>
  <File Type="VDS-TIMINGSUMMARY" Name="Top_timing_summary_synth.rpt"/>
  <File Type="VDS-TIMING-PB" Name="Top_timing_summary_synth.pb"/>
  <FileSet Name="sources" Type="DesignSrcs" RelSrcDir="$PSRCDIR/sources_1">
    <Filter Type="Srcs"/>
    <File Path="$PSRCDIR/sources_1/imports/CMPE100/Lab4/Lab4.srcs/sources_1/new/m4_1x4.v">
      <FileInfo>
        <Attr Name="ImportPath" Val="$PPRDIR/../../../../../../../../Documents/UCSC_Schoolwork/Win18/CMPE100/Lab5/Lab5.srcs/sources_1/imports/CMPE100/Lab4/Lab4.srcs/sources_1/new/m4_1x4.v"/>
        <Attr Name="ImportTime" Val="1517350438"/>
        <Attr Name="UsedIn" Val="synthesis"/>
        <Attr Name="UsedIn" Val="implementation"/>
        <Attr Name="UsedIn" Val="simulation"/>
      </FileInfo>
    </File>
    <File Path="$PSRCDIR/sources_1/imports/CMPE100/Lab4/Lab4.srcs/sources_1/new/m2_1.v">
      <FileInfo>
        <Attr Name="ImportPath" Val="$PPRDIR/../../../../../../../../Documents/UCSC_Schoolwork/Win18/CMPE100/Lab5/Lab5.srcs/sources_1/imports/CMPE100/Lab4/Lab4.srcs/sources_1/new/m2_1.v"/>
        <Attr Name="ImportTime" Val="1517443442"/>
        <Attr Name="UsedIn" Val="synthesis"/>
        <Attr Name="UsedIn" Val="implementation"/>
        <Attr Name="UsedIn" Val="simulation"/>
      </FileInfo>
    </File>
    <File Path="$PSRCDIR/sources_1/imports/new/FullAdder.v">
      <FileInfo>
        <Attr Name="ImportPath" Val="$PPRDIR/../../../../../../../../Documents/UCSC_Schoolwork/Win18/CMPE100/Lab2/Lab2.srcs/sources_1/new/FullAdder.v"/>
        <Attr Name="ImportTime" Val="1516224840"/>
        <Attr Name="UsedIn" Val="synthesis"/>
        <Attr Name="UsedIn" Val="implementation"/>
        <Attr Name="UsedIn" Val="simulation"/>
      </FileInfo>
    </File>
    <File Path="$PSRCDIR/sources_1/imports/CMPE100/Lab4/Lab4.srcs/sources_1/new/CountUD4L.v">
      <FileInfo>
        <Attr Name="ImportPath" Val="$PPRDIR/../../../../../../../../Documents/UCSC_Schoolwork/Win18/CMPE100/Lab5/Lab5.srcs/sources_1/imports/CMPE100/Lab4/Lab4.srcs/sources_1/new/CountUD4L.v"/>
        <Attr Name="ImportTime" Val="1517776586"/>
        <Attr Name="UsedIn" Val="synthesis"/>
        <Attr Name="UsedIn" Val="implementation"/>
        <Attr Name="UsedIn" Val="simulation"/>
      </FileInfo>
    </File>
    <File Path="$PSRCDIR/sources_1/imports/new/m8_1e.v">
      <FileInfo>
        <Attr Name="ImportPath" Val="$PPRDIR/../../../../../../../../Documents/UCSC_Schoolwork/Win18/CMPE100/Lab3/Lab3.srcs/sources_1/new/m8_1e.v"/>
        <Attr Name="ImportTime" Val="1516837759"/>
        <Attr Name="UsedIn" Val="synthesis"/>
        <Attr Name="UsedIn" Val="implementation"/>
        <Attr Name="UsedIn" Val="simulation"/>
      </FileInfo>
    </File>
    <File Path="$PSRCDIR/sources_1/new/StateMachine.v">
      <FileInfo>
        <Attr Name="ImportPath" Val="$PPRDIR/../../../../../../../../Documents/UCSC_Schoolwork/Win18/CMPE100/Lab6/Lab6.srcs/sources_1/new/StateMachine.v"/>
        <Attr Name="ImportTime" Val="1519257508"/>
        <Attr Name="UsedIn" Val="synthesis"/>
        <Attr Name="UsedIn" Val="implementation"/>
        <Attr Name="UsedIn" Val="simulation"/>
      </FileInfo>
    </File>
    <File Path="$PSRCDIR/sources_1/imports/CMPE100/Lab4/Lab4.srcs/sources_1/new/Selector.v">
      <FileInfo>
        <Attr Name="ImportPath" Val="$PPRDIR/../../../../../../../../Documents/UCSC_Schoolwork/Win18/CMPE100/Lab5/Lab5.srcs/sources_1/imports/CMPE100/Lab4/Lab4.srcs/sources_1/new/Selector.v"/>
        <Attr Name="ImportTime" Val="1517802970"/>
        <Attr Name="UsedIn" Val="synthesis"/>
        <Attr Name="UsedIn" Val="implementation"/>
        <Attr Name="UsedIn" Val="simulation"/>
      </FileInfo>
    </File>
    <File Path="$PSRCDIR/sources_1/imports/CMPE100/Lab4/Lab4.srcs/sources_1/new/Ring_Counter.v">
      <FileInfo>
        <Attr Name="ImportPath" Val="$PPRDIR/../../../../../../../../Documents/UCSC_Schoolwork/Win18/CMPE100/Lab5/Lab5.srcs/sources_1/imports/CMPE100/Lab4/Lab4.srcs/sources_1/new/Ring_Counter.v"/>
        <Attr Name="ImportTime" Val="1517798283"/>
        <Attr Name="UsedIn" Val="synthesis"/>
        <Attr Name="UsedIn" Val="implementation"/>
        <Attr Name="UsedIn" Val="simulation"/>
      </FileInfo>
    </File>
    <File Path="$PSRCDIR/sources_1/imports/CMPE100/Lab3/Lab3.srcs/sources_1/new/m2_1x8.v">
      <FileInfo>
        <Attr Name="ImportPath" Val="$PPRDIR/../../../../../../../../Documents/UCSC_Schoolwork/Win18/CMPE100/Lab5/Lab5.srcs/sources_1/imports/CMPE100/Lab3/Lab3.srcs/sources_1/new/m2_1x8.v"/>
        <Attr Name="ImportTime" Val="1516909629"/>
        <Attr Name="UsedIn" Val="synthesis"/>
        <Attr Name="UsedIn" Val="implementation"/>
        <Attr Name="UsedIn" Val="simulation"/>
      </FileInfo>
    </File>
    <File Path="$PSRCDIR/sources_1/imports/Lab6/lab6_clks.v">
      <FileInfo>
        <Attr Name="ImportPath" Val="$PPRDIR/../../../../../../../../Documents/UCSC_Schoolwork/Win18/CMPE100/Lab6/lab6_clks.v"/>
        <Attr Name="ImportTime" Val="1519252871"/>
        <Attr Name="UsedIn" Val="synthesis"/>
        <Attr Name="UsedIn" Val="implementation"/>
        <Attr Name="UsedIn" Val="simulation"/>
      </FileInfo>
    </File>
    <File Path="$PSRCDIR/sources_1/new/CountUDL8.v">
      <FileInfo>
        <Attr Name="ImportPath" Val="$PPRDIR/../../../../../../../../Documents/UCSC_Schoolwork/Win18/CMPE100/Lab6/Lab6.srcs/sources_1/new/CountUDL8.v"/>
        <Attr Name="ImportTime" Val="1519253441"/>
        <Attr Name="UsedIn" Val="synthesis"/>
        <Attr Name="UsedIn" Val="implementation"/>
        <Attr Name="UsedIn" Val="simulation"/>
      </FileInfo>
    </File>
    <File Path="$PSRCDIR/sources_1/new/Adder8.v">
      <FileInfo>
        <Attr Name="ImportPath" Val="$PPRDIR/../../../../../../../../Documents/UCSC_Schoolwork/Win18/CMPE100/Lab6/Lab6.srcs/sources_1/new/Adder8.v"/>
        <Attr Name="ImportTime" Val="1519254776"/>
        <Attr Name="UsedIn" Val="synthesis"/>
        <Attr Name="UsedIn" Val="implementation"/>
        <Attr Name="UsedIn" Val="simulation"/>
      </FileInfo>
    </File>
    <File Path="$PSRCDIR/sources_1/imports/CMPE100/Lab3/Lab3.srcs/sources_1/new/hex7seg.v">
      <FileInfo>
        <Attr Name="ImportPath" Val="$PPRDIR/../../../../../../../../Documents/UCSC_Schoolwork/Win18/CMPE100/Lab5/Lab5.srcs/sources_1/imports/CMPE100/Lab3/Lab3.srcs/sources_1/new/hex7seg.v"/>
        <Attr Name="ImportTime" Val="1516838587"/>
        <Attr Name="UsedIn" Val="synthesis"/>
        <Attr Name="UsedIn" Val="implementation"/>
        <Attr Name="UsedIn" Val="simulation"/>
      </FileInfo>
    </File>
    <File Path="$PSRCDIR/sources_1/new/Top.v">
      <FileInfo>
        <Attr Name="ImportPath" Val="$PPRDIR/../../../../../../../../Documents/UCSC_Schoolwork/Win18/CMPE100/Lab6/Lab6.srcs/sources_1/new/Top.v"/>
        <Attr Name="ImportTime" Val="1519260799"/>
        <Attr Name="UsedIn" Val="synthesis"/>
        <Attr Name="UsedIn" Val="implementation"/>
        <Attr Name="UsedIn" Val="simulation"/>
      </FileInfo>
    </File>
    <Config>
      <Option Name="DesignMode" Val="RTL"/>
      <Option Name="TopModule" Val="Top"/>
      <Option Name="TopAutoSet" Val="TRUE"/>
    </Config>
  </FileSet>
  <FileSet Name="constrs_in" Type="Constrs" RelSrcDir="$PSRCDIR/constrs_1">
    <Filter Type="Constrs"/>
    <File Path="$PSRCDIR/constrs_1/imports/CMPE100/Basys3_Master.xdc">
      <FileInfo>
        <Attr Name="ImportPath" Val="$PPRDIR/../../../../../../../../Documents/UCSC_Schoolwork/Win18/CMPE100/Basys3_Master.xdc"/>
        <Attr Name="ImportTime" Val="1515632902"/>
        <Attr Name="UsedIn" Val="synthesis"/>
        <Attr Name="UsedIn" Val="implementation"/>
      </FileInfo>
    </File>
    <Config>
      <Option Name="ConstrsType" Val="XDC"/>
    </Config>
  </FileSet>
  <Strategy Version="1" Minor="2">
    <StratHandle Name="Vivado Synthesis Defaults" Flow="Vivado Synthesis 2016"/>
    <Step Id="synth_design"/>
  </Strategy>
</GenRun>
