<?xml version="1.0" encoding="UTF-8"?>
<GenRun Id="impl_1" LaunchPart="xc7a35tcpg236-1" LaunchTime="1516918056">
  <File Type="PWROPT-DRC" Name="Top_drc_pwropted.rpt"/>
  <File Type="OPT-METHODOLOGY-DRC" Name="Top_methodology_drc_opted.rpt"/>
  <File Type="INIT-TIMING" Name="Top_timing_summary_init.rpt"/>
  <File Type="ROUTE-PWR-RPX" Name="Top_power_routed.rpx"/>
  <File Type="PA-TCL" Name="Top.tcl"/>
  <File Type="OPT-HWDEF" Name="Top.hwdef"/>
  <File Type="RDI-RDI" Name="Top.vdi"/>
  <File Type="OPT-DCP" Name="Top_opt.dcp"/>
  <File Type="OPT-DRC" Name="Top_drc_opted.rpt"/>
  <File Type="OPT-TIMING" Name="Top_timing_summary_opted.rpt"/>
  <File Type="PWROPT-DCP" Name="Top_pwropt.dcp"/>
  <File Type="PWROPT-TIMING" Name="Top_timing_summary_pwropted.rpt"/>
  <File Type="PLACE-DCP" Name="Top_placed.dcp"/>
  <File Type="PLACE-IO" Name="Top_io_placed.rpt"/>
  <File Type="PLACE-CLK" Name="Top_clock_utilization_placed.rpt"/>
  <File Type="PLACE-UTIL" Name="Top_utilization_placed.rpt"/>
  <File Type="PLACE-UTIL-PB" Name="Top_utilization_placed.pb"/>
  <File Type="PLACE-CTRL" Name="Top_control_sets_placed.rpt"/>
  <File Type="PLACE-SIMILARITY" Name="Top_incremental_reuse_placed.rpt"/>
  <File Type="PLACE-PRE-SIMILARITY" Name="Top_incremental_reuse_pre_placed.rpt"/>
  <File Type="PLACE-TIMING" Name="Top_timing_summary_placed.rpt"/>
  <File Type="POSTPLACE-PWROPT-DCP" Name="Top_postplace_pwropt.dcp"/>
  <File Type="POSTPLACE-PWROPT-TIMING" Name="Top_timing_summary_postplace_pwropted.rpt"/>
  <File Type="PHYSOPT-DCP" Name="Top_physopt.dcp"/>
  <File Type="PHYSOPT-DRC" Name="Top_drc_physopted.rpt"/>
  <File Type="PHYSOPT-TIMING" Name="Top_timing_summary_physopted.rpt"/>
  <File Type="ROUTE-ERROR-DCP" Name="Top_routed_error.dcp"/>
  <File Type="ROUTE-DCP" Name="Top_routed.dcp"/>
  <File Type="ROUTE-BLACKBOX-DCP" Name="Top_routed_bb.dcp"/>
  <File Type="ROUTE-DRC" Name="Top_drc_routed.rpt"/>
  <File Type="ROUTE-DRC-PB" Name="Top_drc_routed.pb"/>
  <File Type="BG-BIN" Name="Top.bin"/>
  <File Type="ROUTE-DRC-RPX" Name="Top_drc_routed.rpx"/>
  <File Type="BG-DRC" Name="Top.drc"/>
  <File Type="ROUTE-METHODOLOGY-DRC" Name="Top_methodology_drc_routed.rpt"/>
  <File Type="BITSTR-MSK" Name="Top.msk"/>
  <File Type="ROUTE-METHODOLOGY-DRC-RPX" Name="Top_methodology_drc_routed.rpx"/>
  <File Type="BG-BGN" Name="Top.bgn"/>
  <File Type="ROUTE-METHODOLOGY-DRC-PB" Name="Top_methodology_drc_routed.pb"/>
  <File Type="ROUTE-PWR" Name="Top_power_routed.rpt"/>
  <File Type="ROUTE-PWR-SUM" Name="Top_power_summary_routed.pb"/>
  <File Type="ROUTE-STATUS" Name="Top_route_status.rpt"/>
  <File Type="ROUTE-STATUS-PB" Name="Top_route_status.pb"/>
  <File Type="ROUTE-TIMINGSUMMARY" Name="Top_timing_summary_routed.rpt"/>
  <File Type="ROUTE-TIMING-PB" Name="Top_timing_summary_routed.pb"/>
  <File Type="ROUTE-TIMING-RPX" Name="Top_timing_summary_routed.rpx"/>
  <File Type="ROUTE-SIMILARITY" Name="Top_incremental_reuse_routed.rpt"/>
  <File Type="ROUTE-CLK" Name="Top_clock_utilization_routed.rpt"/>
  <File Type="POSTROUTE-PHYSOPT-DCP" Name="Top_postroute_physopt.dcp"/>
  <File Type="POSTROUTE-PHYSOPT-BLACKBOX-DCP" Name="Top_postroute_physopt_bb.dcp"/>
  <File Type="POSTROUTE-PHYSOPT-TIMING" Name="Top_timing_summary_postroute_physopted.rpt"/>
  <File Type="POSTROUTE-PHYSOPT-TIMING-PB" Name="Top_timing_summary_postroute_physopted.pb"/>
  <File Type="POSTROUTE-PHYSOPT-TIMING-RPX" Name="Top_timing_summary_postroute_physopted.rpx"/>
  <File Type="BG-BIT" Name="Top.bit"/>
  <File Type="BITSTR-RBT" Name="Top.rbt"/>
  <File Type="BITSTR-NKY" Name="Top.nky"/>
  <File Type="BITSTR-BMM" Name="Top_bd.bmm"/>
  <File Type="BITSTR-MMI" Name="Top.mmi"/>
  <File Type="BITSTR-SYSDEF" Name="Top.sysdef"/>
  <File Type="WBT-USG" Name="usage_statistics_webtalk.html"/>
  <FileSet Name="sources" Type="DesignSrcs" RelSrcDir="$PSRCDIR/sources_1">
    <Filter Type="Srcs"/>
    <File Path="$PSRCDIR/sources_1/new/m8_1e.v">
      <FileInfo>
        <Attr Name="ImportPath" Val="$PPRDIR/../../../../../../../../Documents/UCSC_Schoolwork/Win18/CMPE100/Lab3/Lab3.srcs/sources_1/new/m8_1e.v"/>
        <Attr Name="ImportTime" Val="1516837759"/>
        <Attr Name="UsedIn" Val="synthesis"/>
        <Attr Name="UsedIn" Val="implementation"/>
        <Attr Name="UsedIn" Val="simulation"/>
      </FileInfo>
    </File>
    <File Path="$PSRCDIR/sources_1/new/ANDFullAdder.v">
      <FileInfo>
        <Attr Name="ImportPath" Val="$PPRDIR/../../../../../../../../Documents/UCSC_Schoolwork/Win18/CMPE100/Lab3/Lab3.srcs/sources_1/new/ANDFullAdder.v"/>
        <Attr Name="ImportTime" Val="1516838613"/>
        <Attr Name="UsedIn" Val="synthesis"/>
        <Attr Name="UsedIn" Val="implementation"/>
        <Attr Name="UsedIn" Val="simulation"/>
      </FileInfo>
    </File>
    <File Path="$PSRCDIR/sources_1/new/MultiplierStage.v">
      <FileInfo>
        <Attr Name="ImportPath" Val="$PPRDIR/../../../../../../../../Documents/UCSC_Schoolwork/Win18/CMPE100/Lab3/Lab3.srcs/sources_1/new/MultiplierStage.v"/>
        <Attr Name="ImportTime" Val="1516839936"/>
        <Attr Name="UsedIn" Val="synthesis"/>
        <Attr Name="UsedIn" Val="implementation"/>
        <Attr Name="UsedIn" Val="simulation"/>
      </FileInfo>
    </File>
    <File Path="$PSRCDIR/sources_1/imports/Lab3/lab3_digsel.v">
      <FileInfo>
        <Attr Name="ImportPath" Val="$PPRDIR/../../../../../../../../Documents/UCSC_Schoolwork/Win18/CMPE100/Lab3/lab3_digsel.v"/>
        <Attr Name="ImportTime" Val="1516834314"/>
        <Attr Name="UsedIn" Val="synthesis"/>
        <Attr Name="UsedIn" Val="implementation"/>
        <Attr Name="UsedIn" Val="simulation"/>
      </FileInfo>
    </File>
    <File Path="$PSRCDIR/sources_1/new/m2_1x8.v">
      <FileInfo>
        <Attr Name="ImportPath" Val="$PPRDIR/../../../../../../../../Documents/UCSC_Schoolwork/Win18/CMPE100/Lab3/Lab3.srcs/sources_1/new/m2_1x8.v"/>
        <Attr Name="ImportTime" Val="1516909629"/>
        <Attr Name="UsedIn" Val="synthesis"/>
        <Attr Name="UsedIn" Val="implementation"/>
        <Attr Name="UsedIn" Val="simulation"/>
      </FileInfo>
    </File>
    <File Path="$PSRCDIR/sources_1/new/Multiplier.v">
      <FileInfo>
        <Attr Name="ImportPath" Val="$PPRDIR/../../../../../../../../Documents/UCSC_Schoolwork/Win18/CMPE100/Lab3/Lab3.srcs/sources_1/new/Multiplier.v"/>
        <Attr Name="ImportTime" Val="1516750701"/>
        <Attr Name="UsedIn" Val="synthesis"/>
        <Attr Name="UsedIn" Val="implementation"/>
        <Attr Name="UsedIn" Val="simulation"/>
      </FileInfo>
    </File>
    <File Path="$PSRCDIR/sources_1/new/hex7seg.v">
      <FileInfo>
        <Attr Name="ImportPath" Val="$PPRDIR/../../../../../../../../Documents/UCSC_Schoolwork/Win18/CMPE100/Lab3/Lab3.srcs/sources_1/new/hex7seg.v"/>
        <Attr Name="ImportTime" Val="1516838587"/>
        <Attr Name="UsedIn" Val="synthesis"/>
        <Attr Name="UsedIn" Val="implementation"/>
        <Attr Name="UsedIn" Val="simulation"/>
      </FileInfo>
    </File>
    <File Path="$PSRCDIR/sources_1/new/Top.v">
      <FileInfo>
        <Attr Name="ImportPath" Val="$PPRDIR/../../../../../../../../Documents/UCSC_Schoolwork/Win18/CMPE100/Lab3/Lab3.srcs/sources_1/new/Top.v"/>
        <Attr Name="ImportTime" Val="1516917981"/>
        <Attr Name="UsedIn" Val="synthesis"/>
        <Attr Name="UsedIn" Val="implementation"/>
        <Attr Name="UsedIn" Val="simulation"/>
      </FileInfo>
    </File>
    <File Path="$PSRCDIR/sources_1/new/m4_1e.v">
      <FileInfo>
        <Attr Name="AutoDisabled" Val="1"/>
        <Attr Name="ImportPath" Val="$PPRDIR/../../../../../../../../Documents/UCSC_Schoolwork/Win18/CMPE100/Lab3/Lab3.srcs/sources_1/new/m4_1e.v"/>
        <Attr Name="ImportTime" Val="1516746776"/>
        <Attr Name="UsedIn" Val="synthesis"/>
        <Attr Name="UsedIn" Val="implementation"/>
        <Attr Name="UsedIn" Val="simulation"/>
      </FileInfo>
    </File>
    <Config>
      <Option Name="DesignMode" Val="RTL"/>
      <Option Name="TopModule" Val="Top"/>
    </Config>
  </FileSet>
  <FileSet Name="constrs_in" Type="Constrs" RelSrcDir="$PSRCDIR/constrs_1">
    <Filter Type="Constrs"/>
    <File Path="$PSRCDIR/constrs_1/imports/CMPE100/Basys3_Master.xdc">
      <FileInfo>
        <Attr Name="ImportPath" Val="$PPRDIR/../../../../../../../../Documents/UCSC_Schoolwork/Win18/CMPE100/Basys3_Master.xdc"/>
        <Attr Name="ImportTime" Val="1515632902"/>
        <Attr Name="UsedIn" Val="synthesis"/>
        <Attr Name="UsedIn" Val="implementation"/>
      </FileInfo>
    </File>
    <Config>
      <Option Name="ConstrsType" Val="XDC"/>
    </Config>
  </FileSet>
  <Strategy Version="1" Minor="2">
    <StratHandle Name="Vivado Implementation Defaults" Flow="Vivado Implementation 2016"/>
    <Step Id="init_design"/>
    <Step Id="opt_design"/>
    <Step Id="power_opt_design"/>
    <Step Id="place_design"/>
    <Step Id="post_place_power_opt_design"/>
    <Step Id="phys_opt_design"/>
    <Step Id="route_design"/>
    <Step Id="post_route_phys_opt_design"/>
    <Step Id="write_bitstream"/>
  </Strategy>
</GenRun>
